{"stats":{"minecraft:killed_by":{"man:managgresive":1,"minecraft:skeleton":4},"minecraft:killed":{"minecraft:cave_spider":1,"minecraft:spider":1,"minecraft:zombie":3},"minecraft:custom":{"minecraft:interact_with_furnace":10,"minecraft:mob_kills":5,"minecraft:interact_with_crafting_table":16,"minecraft:leave_game":1,"minecraft:time_since_death":3104,"minecraft:time_since_rest":3130,"minecraft:sprint_one_cm":82315,"minecraft:damage_taken":1579,"minecraft:walk_one_cm":106811,"minecraft:damage_blocked_by_shield":1755,"minecraft:damage_dealt":1074,"minecraft:swim_one_cm":6605,"minecraft:fly_one_cm":53822,"minecraft:open_chest":4,"minecraft:crouch_one_cm":742,"minecraft:play_time":58781,"minecraft:deaths":5,"minecraft:sneak_time":449,"minecraft:walk_under_water_one_cm":4048,"minecraft:jump":492,"minecraft:walk_on_water_one_cm":13486,"minecraft:total_world_time":58781,"minecraft:fall_one_cm":8468},"minecraft:picked_up":{"minecraft:crafting_table":6,"minecraft:andesite":60,"minecraft:flint":4,"minecraft:gunpowder":2,"minecraft:dirt":17,"minecraft:lapis_lazuli":16,"minecraft:string":8,"minecraft:raw_copper":43,"minecraft:bone":1,"minecraft:cobbled_deepslate":2,"minecraft:raw_gold":9,"minecraft:furnace":1,"minecraft:raw_iron":75,"minecraft:sweet_berries":3,"minecraft:gravel":8,"minecraft:diorite":2,"minecraft:spruce_log":20,"minecraft:arrow":2,"minecraft:rotten_flesh":2,"minecraft:granite":21,"minecraft:coal":101,"minecraft:cobblestone":182},"minecraft:mined":{"minecraft:crafting_table":6,"minecraft:granite":22,"minecraft:grass_block":2,"minecraft:copper_ore":10,"minecraft:cobblestone":8,"minecraft:deepslate_gold_ore":1,"minecraft:spruce_leaves":3,"minecraft:lapis_ore":3,"minecraft:diorite":2,"minecraft:spawner":1,"minecraft:furnace":1,"minecraft:iron_ore":69,"minecraft:spruce_log":20,"minecraft:andesite":61,"minecraft:coal_ore":62,"minecraft:deepslate_iron_ore":6,"minecraft:gravel":12,"minecraft:dirt":16,"minecraft:cobweb":7,"minecraft:stone":184,"minecraft:gold_ore":8,"minecraft:fern":1},"minecraft:crafted":{"minecraft:wooden_sword":2,"minecraft:stone_shovel":1,"minecraft:crafting_table":2,"minecraft:spruce_planks":80,"minecraft:wooden_pickaxe":2,"minecraft:iron_helmet":1,"minecraft:furnace":1,"minecraft:stone_axe":1,"minecraft:air":0,"minecraft:iron_boots":1,"minecraft:iron_chestplate":1,"minecraft:shield":1,"minecraft:stick":24,"minecraft:iron_ingot":28,"minecraft:iron_pickaxe":1,"minecraft:stone_pickaxe":4,"minecraft:stone_sword":1,"minecraft:iron_leggings":1,"minecraft:torch":8},"minecraft:broken":{"minecraft:stone_pickaxe":2},"minecraft:used":{"minecraft:stone_sword":36,"minecraft:stone_shovel":11,"minecraft:stone_pickaxe":271,"minecraft:wooden_pickaxe":17,"minecraft:shield":22,"minecraft:rotten_flesh":1,"minecraft:torch":1,"minecraft:dirt":2,"minecraft:crafting_table":6,"minecraft:iron_pickaxe":152,"minecraft:stone_axe":1,"minecraft:cobblestone":40,"minecraft:sweet_berries":4,"minecraft:furnace":1,"minecraft:iron_leggings":1}},"DataVersion":3465}