{"stats":{"minecraft:killed_by":{"minecraft:zombie":1,"minecraft:pillager":3},"minecraft:killed":{"minecraft:zombie_villager":1,"minecraft:spider":4,"minecraft:zombie":10,"minecraft:tropical_fish":1},"minecraft:dropped":{"minecraft:gravel":1,"minecraft:cobblestone":25,"minecraft:iron_boots":1,"minecraft:gold_ingot":1},"minecraft:picked_up":{"minecraft:andesite":4,"minecraft:leather":6,"minecraft:wooden_pickaxe":1,"minecraft:gunpowder":9,"minecraft:dirt":13,"minecraft:lapis_lazuli":9,"minecraft:string":4,"minecraft:name_tag":3,"minecraft:cobbled_deepslate":21,"minecraft:bucket":1,"minecraft:spruce_planks":27,"minecraft:iron_sword":1,"minecraft:stick":6,"minecraft:raw_iron":70,"minecraft:music_disc_13":1,"minecraft:torch":20,"minecraft:lava_bucket":1,"minecraft:gravel":1,"minecraft:fire_charge":2,"minecraft:diorite":3,"minecraft:spruce_log":13,"minecraft:iron_horse_armor":1,"minecraft:spider_eye":1,"minecraft:rotten_flesh":15,"minecraft:diamond":5,"minecraft:tropical_fish":9,"minecraft:stone_axe":1,"minecraft:iron_helmet":1,"minecraft:saddle":2,"minecraft:gold_ingot":2,"minecraft:glistering_melon_slice":24,"minecraft:glow_berries":6,"minecraft:coal":31,"minecraft:obsidian":2,"minecraft:cobblestone":106},"minecraft:custom":{"minecraft:interact_with_furnace":26,"minecraft:mob_kills":16,"minecraft:interact_with_crafting_table":29,"minecraft:leave_game":4,"minecraft:time_since_death":10374,"minecraft:climb_one_cm":123,"minecraft:time_since_rest":10417,"minecraft:sprint_one_cm":168178,"minecraft:damage_taken":1500,"minecraft:walk_one_cm":153518,"minecraft:damage_blocked_by_shield":1178,"minecraft:drop":5,"minecraft:damage_dealt":3396,"minecraft:fly_one_cm":102841,"minecraft:open_chest":6,"minecraft:crouch_one_cm":7547,"minecraft:play_time":53432,"minecraft:deaths":4,"minecraft:sneak_time":2420,"minecraft:walk_under_water_one_cm":2845,"minecraft:jump":876,"minecraft:walk_on_water_one_cm":5668,"minecraft:total_world_time":53432,"minecraft:fall_one_cm":16015},"minecraft:mined":{"minecraft:deepslate_diamond_ore":3,"minecraft:torch":1,"minecraft:cave_vines_plant":2,"minecraft:grass_block":2,"minecraft:tall_grass":2,"minecraft:spruce_leaves":8,"minecraft:diorite":3,"minecraft:wall_torch":1,"minecraft:spawner":2,"minecraft:iron_ore":44,"minecraft:spruce_log":8,"minecraft:andesite":4,"minecraft:deepslate_lapis_ore":1,"minecraft:grass":4,"minecraft:coal_ore":31,"minecraft:cave_vines":8,"minecraft:deepslate_iron_ore":14,"minecraft:gravel":3,"minecraft:dirt":11,"minecraft:stone":62,"minecraft:deepslate":11},"minecraft:crafted":{"minecraft:cooked_beef":2,"minecraft:crafting_table":2,"minecraft:spruce_planks":52,"minecraft:wooden_pickaxe":1,"minecraft:iron_helmet":1,"minecraft:furnace":1,"minecraft:stone_axe":1,"minecraft:air":0,"minecraft:iron_boots":2,"minecraft:iron_chestplate":1,"minecraft:shield":1,"minecraft:iron_axe":1,"minecraft:stick":40,"minecraft:iron_ingot":37,"minecraft:iron_pickaxe":1,"minecraft:stone_pickaxe":1,"minecraft:iron_shovel":1,"minecraft:iron_leggings":1,"minecraft:torch":56},"minecraft:broken":{"minecraft:stone_pickaxe":1},"minecraft:used":{"minecraft:water_bucket":14,"minecraft:diorite":3,"minecraft:iron_shovel":2,"minecraft:tropical_fish":1,"minecraft:stone_pickaxe":129,"minecraft:shield":14,"minecraft:wooden_pickaxe":12,"minecraft:iron_sword":50,"minecraft:rotten_flesh":11,"minecraft:torch":47,"minecraft:glow_berries":6,"minecraft:dirt":13,"minecraft:crafting_table":2,"minecraft:iron_pickaxe":37,"minecraft:iron_boots":1,"minecraft:stone_axe":27,"minecraft:cobblestone":22,"minecraft:furnace":1,"minecraft:andesite":4,"minecraft:bucket":15,"minecraft:cooked_beef":2,"minecraft:cobbled_deepslate":11}},"DataVersion":3465}