{"stats":{"minecraft:killed_by":{"minecraft:cave_spider":1,"minecraft:skeleton":1},"minecraft:killed":{"minecraft:cave_spider":2,"minecraft:spider":1,"minecraft:skeleton":6,"minecraft:chicken":7,"minecraft:pig":3,"minecraft:salmon":3,"minecraft:sheep":10,"minecraft:zombie":24,"minecraft:villager":9,"minecraft:cow":8},"minecraft:dropped":{"minecraft:enchanted_book":1,"minecraft:golden_boots":1,"minecraft:polished_blackstone":2,"minecraft:diamond":2,"minecraft:feather":7,"minecraft:iron_helmet":2,"minecraft:cobblestone":43,"minecraft:leather":10,"minecraft:iron_horse_armor":1,"minecraft:saddle":2,"minecraft:tropical_fish":9,"minecraft:rail":1,"minecraft:stick":19,"minecraft:music_disc_13":2,"minecraft:lava_bucket":1,"minecraft:gray_concrete":6,"minecraft:gray_wool":2,"minecraft:pearlescent_froglight":1,"minecraft:iron_trapdoor":1,"minecraft:torch":23,"minecraft:brown_wool":1,"minecraft:fire_charge":2,"minecraft:green_carpet":4,"minecraft:gold_nugget":4,"minecraft:glistering_melon_slice":24,"minecraft:string":35,"minecraft:bucket":1,"minecraft:white_wool":9,"minecraft:spruce_sapling":2,"minecraft:polished_deepslate":1,"minecraft:gold_ingot":2,"minecraft:bone":24,"minecraft:stone_axe":2,"minecraft:sweet_berries":16,"minecraft:cobbled_deepslate":38,"minecraft:gray_glazed_terracotta":8,"minecraft:tuff":17,"minecraft:wheat":9,"minecraft:obsidian":2,"minecraft:raw_iron":12,"minecraft:rotten_flesh":5,"minecraft:light_gray_wool":1,"minecraft:oak_planks":9,"minecraft:name_tag":3,"minecraft:pumpkin_seeds":8,"minecraft:shield":1,"minecraft:gunpowder":9,"minecraft:spruce_planks":32,"minecraft:purple_bed":1,"minecraft:oak_boat":1,"minecraft:spruce_log":21,"minecraft:arrow":7,"minecraft:stone_pickaxe":2,"minecraft:wooden_pickaxe":2},"minecraft:custom":{"minecraft:mob_kills":80,"minecraft:interact_with_crafting_table":32,"minecraft:leave_game":3,"minecraft:time_since_death":47442,"minecraft:climb_one_cm":923,"minecraft:sprint_one_cm":471772,"minecraft:walk_one_cm":210342,"minecraft:damage_blocked_by_shield":2700,"minecraft:drop":120,"minecraft:play_noteblock":1,"minecraft:talked_to_villager":2,"minecraft:play_time":115417,"minecraft:deaths":2,"minecraft:sneak_time":3446,"minecraft:walk_under_water_one_cm":10112,"minecraft:boat_one_cm":295920,"minecraft:jump":2820,"minecraft:walk_on_water_one_cm":25007,"minecraft:total_world_time":115417,"minecraft:interact_with_furnace":40,"minecraft:tune_noteblock":11,"minecraft:time_since_rest":47466,"minecraft:damage_taken":3266,"minecraft:damage_dealt":11191,"minecraft:swim_one_cm":32109,"minecraft:fly_one_cm":491651,"minecraft:player_kills":1,"minecraft:open_chest":41,"minecraft:crouch_one_cm":12948,"minecraft:fall_one_cm":80475},"minecraft:picked_up":{"minecraft:crafting_table":10,"minecraft:wheat":8,"minecraft:chicken":7,"minecraft:iron_trapdoor":1,"minecraft:polished_deepslate":1,"minecraft:string":30,"minecraft:red_bed":1,"minecraft:cobbled_deepslate":40,"minecraft:spruce_planks":2,"minecraft:beef":10,"minecraft:oak_boat":3,"minecraft:light_gray_wool":1,"minecraft:furnace":4,"minecraft:iron_boots":1,"minecraft:stick":1,"minecraft:raw_iron":163,"minecraft:torch":1,"minecraft:arrow":7,"minecraft:rotten_flesh":21,"minecraft:tropical_fish":10,"minecraft:gold_ingot":1,"minecraft:polished_blackstone":2,"minecraft:mutton":5,"minecraft:glow_berries":42,"minecraft:rail":1,"minecraft:white_wool":9,"minecraft:cobblestone":76,"minecraft:enchanting_table":1,"minecraft:feather":7,"minecraft:cooked_beef":9,"minecraft:brown_wool":1,"minecraft:leather":10,"minecraft:tuff":17,"minecraft:oak_log":30,"minecraft:gray_concrete":6,"minecraft:dirt":6,"minecraft:cooked_mutton":17,"minecraft:bone":9,"minecraft:pearlescent_froglight":1,"minecraft:raw_gold":3,"minecraft:iron_ingot":3,"minecraft:stone_pickaxe":1,"minecraft:oak_planks":3,"minecraft:book":18,"minecraft:gray_glazed_terracotta":8,"minecraft:cooked_porkchop":9,"minecraft:pumpkin":1,"minecraft:sweet_berries":66,"minecraft:spruce_sapling":2,"minecraft:spruce_log":45,"minecraft:green_carpet":4,"minecraft:pumpkin_seeds":8,"minecraft:purple_bed":1,"minecraft:diamond":2,"minecraft:gray_wool":2,"minecraft:coal":59},"minecraft:mined":{"minecraft:tuff":17,"minecraft:spruce_planks":2,"minecraft:deepslate_diamond_ore":2,"minecraft:andesite_stairs":1,"minecraft:gray_glazed_terracotta":9,"minecraft:cave_vines_plant":1,"minecraft:grass_block":2,"minecraft:spruce_leaves":17,"minecraft:spawner":2,"minecraft:large_fern":1,"minecraft:furnace":4,"minecraft:cobbled_deepslate":8,"minecraft:iron_ore":42,"minecraft:fire":22,"minecraft:pumpkin":1,"minecraft:enchanting_table":1,"minecraft:polished_deepslate":2,"minecraft:bookshelf":6,"minecraft:cave_vines":3,"minecraft:deepslate_iron_ore":47,"minecraft:rail":1,"minecraft:green_carpet":3,"minecraft:stone":55,"minecraft:gray_concrete":6,"minecraft:red_bed":1,"minecraft:blackstone":1,"minecraft:crafting_table":10,"minecraft:torch":1,"minecraft:deepslate_gold_ore":3,"minecraft:pearlescent_froglight":1,"minecraft:gray_wool":1,"minecraft:purple_bed":1,"minecraft:sweet_berry_bush":1,"minecraft:spruce_log":45,"minecraft:grass":2,"minecraft:oak_log":30,"minecraft:coal_ore":20,"minecraft:dirt":5,"minecraft:gravel":1,"minecraft:cobweb":14,"minecraft:polished_blackstone":2,"minecraft:iron_trapdoor":1,"minecraft:oak_leaves":5,"minecraft:deepslate":31,"minecraft:fern":2},"minecraft:broken":{"minecraft:stone_sword":1},"minecraft:crafted":{"minecraft:oak_planks":16,"minecraft:furnace":1,"minecraft:iron_axe":1,"minecraft:stone_pickaxe":1,"minecraft:cooked_beef":8,"minecraft:crafting_table":1,"minecraft:spruce_planks":36,"minecraft:wooden_pickaxe":1,"minecraft:iron_helmet":1,"minecraft:iron_sword":1,"minecraft:bucket":3,"minecraft:stone_axe":1,"minecraft:bread":1,"minecraft:air":0,"minecraft:oak_boat":2,"minecraft:iron_chestplate":1,"minecraft:shield":2,"minecraft:stick":16,"minecraft:iron_ingot":41,"minecraft:iron_pickaxe":1,"minecraft:stone_sword":1,"minecraft:gold_ingot":2},"minecraft:used":{"minecraft:stone_sword":129,"minecraft:flint_and_steel":22,"minecraft:tropical_fish":1,"minecraft:shield":47,"minecraft:iron_sword":135,"minecraft:rotten_flesh":19,"minecraft:dirt":6,"minecraft:mutton":5,"minecraft:lava_bucket":1,"minecraft:iron_axe":48,"minecraft:iron_helmet":1,"minecraft:iron_boots":1,"minecraft:sweet_berries":76,"minecraft:furnace":4,"minecraft:cooked_beef":10,"minecraft:cobbled_deepslate":11,"minecraft:pumpkin":1,"minecraft:water_bucket":14,"minecraft:stone_pickaxe":51,"minecraft:wooden_pickaxe":16,"minecraft:glow_berries":64,"minecraft:crafting_table":10,"minecraft:spruce_log":15,"minecraft:chicken":7,"minecraft:bread":3,"minecraft:iron_pickaxe":199,"minecraft:stone_axe":69,"minecraft:cobblestone":19,"minecraft:cooked_porkchop":9,"minecraft:bucket":18,"minecraft:oak_boat":3}},"DataVersion":3465}