{"stats":{"minecraft:killed_by":{"minecraft:player":1,"minecraft:skeleton":3,"minecraft:zombie":5,"minecraft:pillager":1},"minecraft:killed":{"minecraft:skeleton":3,"minecraft:sheep":3,"minecraft:zombie":8,"minecraft:cow":3},"minecraft:dropped":{"minecraft:oak_door":1,"minecraft:water_bucket":1,"minecraft:gravel":24,"minecraft:wheat_seeds":2,"minecraft:cooked_beef":1,"minecraft:crafting_table":1,"minecraft:rotten_flesh":5,"minecraft:leather":2,"minecraft:dirt":4,"minecraft:spruce_planks":1,"minecraft:mutton":2,"minecraft:andesite":6,"minecraft:snowball":11,"minecraft:sandstone":35},"minecraft:custom":{"minecraft:interact_with_furnace":19,"minecraft:mob_kills":19,"minecraft:interact_with_crafting_table":17,"minecraft:leave_game":4,"minecraft:time_since_death":2117,"minecraft:sleep_in_bed":19,"minecraft:time_since_rest":2160,"minecraft:sprint_one_cm":188454,"minecraft:damage_taken":3416,"minecraft:walk_one_cm":270535,"minecraft:damage_blocked_by_shield":3285,"minecraft:drop":19,"minecraft:damage_dealt":3068,"minecraft:swim_one_cm":18392,"minecraft:fly_one_cm":88771,"minecraft:crouch_one_cm":6787,"minecraft:play_time":107695,"minecraft:deaths":11,"minecraft:sneak_time":2953,"minecraft:walk_under_water_one_cm":7974,"minecraft:jump":1023,"minecraft:walk_on_water_one_cm":14224,"minecraft:total_world_time":107695,"minecraft:fall_one_cm":22044},"minecraft:picked_up":{"minecraft:pink_petals":42,"minecraft:crafting_table":9,"minecraft:water_bucket":1,"minecraft:andesite":6,"minecraft:leather":2,"minecraft:oak_log":10,"minecraft:gunpowder":2,"minecraft:lapis_lazuli":21,"minecraft:dirt":51,"minecraft:white_carpet":2,"minecraft:bone":4,"minecraft:wheat_seeds":2,"minecraft:cobbled_deepslate":5,"minecraft:netherite_sword":1,"minecraft:iron_ingot":1,"minecraft:beef":5,"minecraft:furnace":3,"minecraft:sandstone":35,"minecraft:raw_iron":23,"minecraft:torch":5,"minecraft:gravel":25,"minecraft:white_bed":4,"minecraft:spruce_log":6,"minecraft:leather_helmet":1,"man:manfromthefog_spawn_egg":61,"travelersbackpack:standard":5,"man:manfromthefogback_spawn_egg":62,"minecraft:arrow":4,"minecraft:rotten_flesh":9,"minecraft:diamond":3,"minecraft:cherry_sapling":3,"man:cassetteplayer":1,"minecraft:light_gray_carpet":1,"minecraft:mutton":7,"minecraft:coal":123,"minecraft:snowball":82,"minecraft:white_wool":3,"minecraft:cobblestone":41},"minecraft:mined":{"minecraft:light_gray_carpet":1,"minecraft:white_bed":3,"minecraft:deepslate_diamond_ore":3,"travelersbackpack:standard":4,"minecraft:crafting_table":8,"minecraft:torch":5,"minecraft:grass_block":14,"minecraft:cobblestone":1,"minecraft:large_fern":1,"minecraft:oak_trapdoor":1,"minecraft:furnace":3,"minecraft:iron_ore":18,"minecraft:white_carpet":2,"minecraft:andesite":3,"minecraft:deepslate_lapis_ore":3,"minecraft:grass":4,"minecraft:coal_ore":64,"minecraft:oak_log":10,"minecraft:deepslate_iron_ore":5,"minecraft:dirt":24,"minecraft:stone":31,"minecraft:deepslate":2},"minecraft:broken":{"minecraft:shield":1},"minecraft:crafted":{"minecraft:cooked_beef":5,"minecraft:oak_door":3,"minecraft:oak_planks":40,"minecraft:crafting_table":1,"minecraft:spruce_planks":24,"minecraft:wooden_pickaxe":1,"minecraft:furnace":1,"minecraft:bucket":1,"minecraft:stone_axe":1,"minecraft:cooked_mutton":2,"minecraft:air":0,"minecraft:shield":2,"minecraft:stick":12,"minecraft:stone_pickaxe":1,"minecraft:iron_ingot":12,"minecraft:iron_pickaxe":1,"minecraft:wooden_axe":1,"minecraft:white_bed":1,"minecraft:torch":8},"minecraft:used":{"minecraft:cooked_mutton":2,"minecraft:water_bucket":3,"minecraft:stone_pickaxe":128,"minecraft:light_gray_carpet":1,"minecraft:shield":35,"minecraft:wooden_pickaxe":3,"minecraft:iron_sword":53,"minecraft:rotten_flesh":1,"minecraft:oak_door":2,"minecraft:torch":9,"minecraft:dirt":47,"minecraft:mutton":3,"minecraft:white_carpet":2,"minecraft:crafting_table":8,"minecraft:white_bed":4,"minecraft:snowball":16,"minecraft:wooden_axe":29,"minecraft:iron_pickaxe":4,"minecraft:gravel":1,"minecraft:stone_axe":6,"minecraft:cobblestone":16,"travelersbackpack:standard":7,"minecraft:furnace":3,"minecraft:bucket":6,"minecraft:cooked_beef":4,"minecraft:cobbled_deepslate":1}},"DataVersion":3465}