{"stats":{"minecraft:killed":{"minecraft:spider":2,"minecraft:sheep":4,"minecraft:skeleton":2,"minecraft:zombie":8,"minecraft:chicken":1,"minecraft:enderman":1,"minecraft:cow":4},"minecraft:dropped":{"minecraft:sweet_berries":1,"minecraft:wheat_seeds":1,"minecraft:iron_nugget":1,"minecraft:mossy_cobblestone":1,"minecraft:feather":1,"minecraft:white_carpet":1,"minecraft:rotten_flesh":2,"minecraft:diorite":14},"minecraft:custom":{"minecraft:interact_with_furnace":10,"minecraft:mob_kills":22,"minecraft:interact_with_crafting_table":26,"minecraft:interact_with_stonecutter":1,"minecraft:leave_game":14,"minecraft:time_since_death":75402,"minecraft:sleep_in_bed":1,"minecraft:climb_one_cm":845,"minecraft:time_since_rest":8452,"minecraft:sprint_one_cm":174047,"minecraft:damage_taken":672,"minecraft:walk_one_cm":146024,"minecraft:damage_blocked_by_shield":390,"minecraft:drop":9,"minecraft:damage_dealt":3592,"minecraft:swim_one_cm":4803,"minecraft:fly_one_cm":403990,"minecraft:open_chest":21,"minecraft:crouch_one_cm":29013,"minecraft:play_time":75402,"minecraft:sneak_time":15279,"minecraft:walk_under_water_one_cm":7941,"minecraft:boat_one_cm":37035,"minecraft:jump":1732,"minecraft:interact_with_blast_furnace":1,"minecraft:walk_on_water_one_cm":2350,"minecraft:total_world_time":75402,"minecraft:fall_one_cm":26516},"minecraft:picked_up":{"minecraft:birch_log":6,"minecraft:crafting_table":3,"minecraft:feather":2,"minecraft:splash_potion":1,"minecraft:chicken":1,"minecraft:leather":2,"minecraft:gold_block":1,"minecraft:brewing_stand":1,"minecraft:dirt":3,"minecraft:white_carpet":1,"minecraft:bone":1,"minecraft:wheat_seeds":1,"minecraft:cobbled_deepslate":12,"minecraft:spruce_planks":1,"minecraft:grindstone":1,"minecraft:beef":7,"minecraft:furnace":1,"minecraft:raw_iron":31,"minecraft:sweet_berries":40,"minecraft:torch":4,"minecraft:gravel":24,"minecraft:white_bed":1,"minecraft:carrot":1,"minecraft:blast_furnace":2,"minecraft:diorite":41,"minecraft:spruce_log":16,"minecraft:mossy_cobblestone":1,"minecraft:arrow":3,"minecraft:purple_bed":1,"minecraft:rotten_flesh":3,"minecraft:spruce_boat":2,"minecraft:granite":59,"minecraft:gray_wool":1,"minecraft:netherrack":7,"minecraft:mutton":7,"minecraft:coal":24,"minecraft:white_wool":3,"minecraft:cobblestone":363},"minecraft:mined":{"minecraft:spruce_planks":1,"minecraft:white_bed":1,"minecraft:mossy_cobblestone":1,"minecraft:powder_snow":4,"minecraft:brewing_stand":1,"minecraft:crafting_table":3,"minecraft:torch":3,"minecraft:glow_lichen":1,"minecraft:granite":59,"minecraft:blast_furnace":2,"minecraft:grass_block":1,"minecraft:cobblestone":14,"minecraft:grindstone":1,"minecraft:diorite":29,"minecraft:wall_torch":1,"minecraft:large_fern":1,"minecraft:purple_bed":1,"minecraft:furnace":1,"minecraft:birch_log":6,"minecraft:iron_ore":31,"minecraft:fire":2,"minecraft:sweet_berry_bush":19,"minecraft:white_carpet":1,"minecraft:spruce_log":16,"minecraft:gold_block":1,"minecraft:grass":3,"minecraft:coal_ore":24,"minecraft:gravel":17,"minecraft:dirt":3,"minecraft:stone":360,"minecraft:netherrack":7,"minecraft:deepslate":12},"minecraft:crafted":{"minecraft:cooked_beef":7,"minecraft:crafting_table":6,"minecraft:spruce_planks":64,"minecraft:wooden_pickaxe":1,"minecraft:iron_sword":1,"minecraft:furnace":2,"minecraft:stone_axe":1,"minecraft:air":0,"minecraft:iron_boots":1,"minecraft:iron_chestplate":1,"minecraft:shield":1,"minecraft:stick":28,"minecraft:iron_ingot":29,"minecraft:iron_pickaxe":1,"minecraft:stone_pickaxe":5,"minecraft:stone_sword":1,"minecraft:chest":1,"minecraft:iron_leggings":1,"minecraft:white_bed":1,"minecraft:spruce_boat":1,"minecraft:torch":36},"minecraft:broken":{"minecraft:stone_pickaxe":4},"minecraft:used":{"minecraft:stone_sword":86,"minecraft:stone_pickaxe":560,"minecraft:wooden_pickaxe":5,"minecraft:chest":1,"minecraft:shield":5,"minecraft:torch":35,"minecraft:crafting_table":9,"minecraft:carrot":2,"minecraft:white_bed":1,"minecraft:spruce_boat":3,"minecraft:bread":7,"minecraft:iron_pickaxe":3,"minecraft:stone_axe":21,"minecraft:fire_charge":2,"minecraft:cobblestone":34,"minecraft:purple_bed":1,"minecraft:sweet_berries":49,"minecraft:furnace":2,"minecraft:cooked_beef":3}},"DataVersion":3465}