{"stats":{"minecraft:picked_up":{"minecraft:jungle_log":4,"minecraft:leather":1,"minecraft:potato":2,"minecraft:porkchop":22,"minecraft:oak_log":4,"minecraft:bone":1,"minecraft:arrow":2,"minecraft:rotten_flesh":43,"minecraft:wheat_seeds":3,"minecraft:beef":8,"minecraft:iron_ingot":1},"minecraft:used":{"minecraft:oak_log":2,"minecraft:diamond_boots":1,"minecraft:pig_spawn_egg":3,"minecraft:zombie_spawn_egg":55,"minecraft:diamond_chestplate":1,"minecraft:diamond_sword":280,"minecraft:diamond_helmet":1,"minecraft:enchanted_golden_apple":4,"minecraft:diamond_leggings":1},"minecraft:mined":{"minecraft:jungle_leaves":2,"minecraft:grass":39,"minecraft:oak_log":4,"minecraft:jungle_log":4,"minecraft:tall_grass":30,"minecraft:fern":8},"minecraft:dropped":{"minecraft:porkchop":13},"minecraft:killed":{"minecraft:skeleton":1,"minecraft:zombie":57,"minecraft:pig":3,"minecraft:spider":1,"minecraft:cow":4},"minecraft:crafted":{"minecraft:crafting_table":1,"minecraft:stick":8,"minecraft:jungle_planks":12},"minecraft:custom":{"minecraft:time_since_rest":4373,"minecraft:sprint_one_cm":26310,"minecraft:walk_one_cm":66640,"minecraft:damage_taken":657,"minecraft:damage_absorbed":595,"minecraft:mob_kills":66,"minecraft:drop":13,"minecraft:damage_dealt":10559,"minecraft:fly_one_cm":117796,"minecraft:crouch_one_cm":233,"minecraft:play_time":18051,"minecraft:deaths":1,"minecraft:sneak_time":53,"minecraft:jump":308,"minecraft:leave_game":3,"minecraft:walk_on_water_one_cm":443,"minecraft:time_since_death":4257,"minecraft:climb_one_cm":841,"minecraft:total_world_time":18051,"minecraft:damage_resisted":220,"minecraft:fall_one_cm":5949}},"DataVersion":3578}