{"stats":{"minecraft:picked_up":{"minecraft:spruce_log":7,"minecraft:mutton":2,"minecraft:white_wool":1},"minecraft:custom":{"minecraft:jump":70,"minecraft:damage_dealt":90,"minecraft:time_since_rest":3077,"minecraft:damage_taken":20,"minecraft:leave_game":2,"minecraft:time_since_death":3077,"minecraft:play_time":3077,"minecraft:sprint_one_cm":9764,"minecraft:walk_on_water_one_cm":368,"minecraft:walk_one_cm":4869,"minecraft:total_world_time":3077,"minecraft:mob_kills":1,"minecraft:fly_one_cm":12837,"minecraft:fall_one_cm":1285},"minecraft:mined":{"minecraft:spruce_leaves":1,"minecraft:spruce_log":7,"minecraft:fern":1},"minecraft:crafted":{"minecraft:crafting_table":1,"minecraft:spruce_planks":28,"minecraft:stick":4},"minecraft:killed":{"minecraft:sheep":1}},"DataVersion":3465}