{"stats":{"minecraft:killed":{"minecraft:sheep":1},"minecraft:custom":{"minecraft:jump":90,"minecraft:damage_dealt":90,"minecraft:time_since_rest":5664,"minecraft:damage_taken":20,"minecraft:leave_game":3,"minecraft:play_time":5664,"minecraft:time_since_death":5664,"minecraft:sprint_one_cm":11010,"minecraft:walk_on_water_one_cm":368,"minecraft:walk_one_cm":6071,"minecraft:total_world_time":5664,"minecraft:mob_kills":1,"minecraft:fly_one_cm":20935,"minecraft:fall_one_cm":1285},"minecraft:crafted":{"minecraft:crafting_table":1,"minecraft:spruce_planks":28,"minecraft:stick":4},"minecraft:picked_up":{"minecraft:spruce_log":7,"minecraft:mutton":2,"minecraft:white_wool":1},"minecraft:mined":{"minecraft:spruce_leaves":1,"minecraft:spruce_log":7,"minecraft:fern":1}},"DataVersion":3465}