{"stats":{"minecraft:custom":{"minecraft:time_since_rest":11382,"minecraft:crouch_one_cm":6,"minecraft:sprint_one_cm":13557,"minecraft:play_time":27058,"minecraft:deaths":3,"minecraft:damage_taken":330,"minecraft:walk_one_cm":24371,"minecraft:sneak_time":15,"minecraft:jump":133,"minecraft:leave_game":5,"minecraft:time_since_death":11348,"minecraft:total_world_time":27058,"minecraft:fall_one_cm":3075,"minecraft:fly_one_cm":18182},"minecraft:used":{"minecraft:dirt":1,"minecraft:flint_and_steel":1,"minecraft:spruce_log":3,"minecraft:obsidian":16},"minecraft:picked_up":{"minecraft:flint_and_steel":1,"minecraft:sweet_berries":34,"minecraft:diamond":1,"minecraft:spruce_log":8,"minecraft:obsidian":64,"minecraft:dirt":1},"minecraft:mined":{"minecraft:grass_block":1,"minecraft:sweet_berry_bush":15,"minecraft:spruce_log":8}},"DataVersion":3465}