{"stats":{"minecraft:used":{"minecraft:dirt":1,"man:manfromthefog_spawn_egg":2,"minecraft:flint_and_steel":1,"minecraft:spruce_log":3,"minecraft:obsidian":16},"minecraft:killed_by":{"man:managgresive":1},"minecraft:custom":{"minecraft:time_since_rest":13597,"minecraft:crouch_one_cm":6,"minecraft:play_time":48229,"minecraft:sprint_one_cm":20812,"minecraft:damage_taken":555,"minecraft:deaths":5,"minecraft:walk_one_cm":43002,"minecraft:sneak_time":15,"minecraft:jump":231,"minecraft:leave_game":9,"minecraft:time_since_death":13481,"minecraft:walk_on_water_one_cm":238,"minecraft:total_world_time":48229,"minecraft:fall_one_cm":3284,"minecraft:fly_one_cm":47945},"minecraft:mined":{"minecraft:grass_block":1,"minecraft:sweet_berry_bush":15,"minecraft:spruce_log":8},"minecraft:picked_up":{"minecraft:flint_and_steel":1,"minecraft:rotten_flesh":2,"minecraft:sweet_berries":34,"minecraft:diamond":1,"minecraft:spruce_log":8,"minecraft:gunpowder":2,"minecraft:black_wool":1,"minecraft:mutton":2,"minecraft:obsidian":64,"minecraft:dirt":1}},"DataVersion":3465}