{"stats":{"minecraft:custom":{"minecraft:jump":55,"minecraft:time_since_rest":6365,"minecraft:damage_taken":330,"minecraft:leave_game":4,"minecraft:time_since_death":6335,"minecraft:crouch_one_cm":6,"minecraft:play_time":12608,"minecraft:sprint_one_cm":8064,"minecraft:walk_one_cm":11407,"minecraft:deaths":2,"minecraft:total_world_time":12608,"minecraft:sneak_time":15,"minecraft:fall_one_cm":1761,"minecraft:fly_one_cm":5165},"minecraft:used":{"minecraft:dirt":1,"minecraft:spruce_log":3},"minecraft:picked_up":{"minecraft:spruce_log":8,"minecraft:sweet_berries":34,"minecraft:dirt":1},"minecraft:mined":{"minecraft:sweet_berry_bush":15,"minecraft:grass_block":1,"minecraft:spruce_log":8}},"DataVersion":3465}