{"stats":{"minecraft:killed_by":{"man:managgresive":2,"minecraft:skeleton":2,"minecraft:stray":1,"minecraft:creeper":1,"minecraft:spider":1,"minecraft:zombie":1},"minecraft:killed":{"minecraft:pig":1,"man:manfromthefog":1,"minecraft:skeleton":2,"minecraft:zombie":3,"man:manfromthefogback":3,"minecraft:cow":6},"minecraft:dropped":{"minecraft:oak_log":1},"minecraft:custom":{"minecraft:interact_with_furnace":1,"minecraft:mob_kills":17,"minecraft:interact_with_crafting_table":8,"minecraft:leave_game":17,"minecraft:time_since_death":662,"minecraft:time_since_rest":1223,"minecraft:sprint_one_cm":97572,"minecraft:damage_taken":3245,"minecraft:walk_one_cm":134151,"minecraft:damage_blocked_by_shield":420,"minecraft:drop":1,"minecraft:damage_dealt":2269,"minecraft:swim_one_cm":37067,"minecraft:fly_one_cm":261522,"minecraft:crouch_one_cm":1463,"minecraft:play_time":106158,"minecraft:deaths":12,"minecraft:sneak_time":2086,"minecraft:walk_under_water_one_cm":9974,"minecraft:jump":1048,"minecraft:walk_on_water_one_cm":8789,"minecraft:interact_with_smoker":4,"minecraft:total_world_time":106158,"minecraft:fall_one_cm":21482},"minecraft:picked_up":{"minecraft:crafting_table":3,"minecraft:black_bed":2,"minecraft:leather":6,"minecraft:smoker":1,"minecraft:oak_log":38,"minecraft:gunpowder":2,"minecraft:dirt":23,"man:cassette_1safetyinstructions":1,"minecraft:flint_and_steel":1,"minecraft:bone":3,"minecraft:wheat_seeds":1,"minecraft:rabbit_hide":1,"minecraft:beef":12,"minecraft:poppy":1,"minecraft:rabbit":1,"minecraft:raw_iron":18,"minecraft:stick":3,"minecraft:sweet_berries":34,"minecraft:torch":2,"minecraft:porkchop":2,"minecraft:spruce_log":15,"travelersbackpack:standard":1,"minecraft:arrow":1,"minecraft:rotten_flesh":4,"minecraft:diamond":1,"minecraft:hay_block":1,"minecraft:oak_sapling":4,"minecraft:mutton":2,"minecraft:black_wool":1,"minecraft:obsidian":64,"minecraft:coal":29,"minecraft:cobblestone":42},"minecraft:mined":{"minecraft:smoker":1,"travelersbackpack:standard":1,"minecraft:crafting_table":4,"minecraft:grass_block":2,"minecraft:cobblestone":8,"minecraft:wall_torch":1,"minecraft:hay_block":1,"minecraft:iron_ore":18,"minecraft:sweet_berry_bush":15,"minecraft:spruce_log":15,"minecraft:black_bed":1,"minecraft:peony":1,"minecraft:grass":3,"minecraft:oak_log":37,"minecraft:coal_ore":18,"minecraft:dirt":1,"minecraft:stone":29,"minecraft:oak_leaves":10},"minecraft:crafted":{"minecraft:cooked_beef":9,"minecraft:oak_planks":16,"minecraft:crafting_table":2,"minecraft:spruce_planks":28,"minecraft:wooden_pickaxe":2,"minecraft:furnace":1,"minecraft:stone_axe":2,"minecraft:air":0,"minecraft:shield":1,"minecraft:stick":20,"minecraft:iron_ingot":1,"minecraft:stone_pickaxe":2,"minecraft:stone_sword":2,"minecraft:torch":28,"minecraft:smoker":1},"minecraft:used":{"man:ritualblockoff":1,"minecraft:netherite_sword":19,"minecraft:stone_sword":13,"minecraft:flint_and_steel":1,"minecraft:stone_pickaxe":56,"minecraft:poppy":1,"minecraft:shield":3,"minecraft:wooden_pickaxe":18,"travelersbackpack:diamond":2,"minecraft:rotten_flesh":2,"minecraft:torch":2,"man:manfromthefog_spawn_egg":9,"minecraft:dirt":16,"minecraft:crafting_table":4,"minecraft:black_bed":1,"minecraft:smoker":1,"minecraft:spruce_log":3,"minecraft:obsidian":16,"man:cassetteplayer":1,"man:manfromthefogback_spawn_egg":3,"minecraft:stone_axe":63,"travelersbackpack:standard":3,"minecraft:cooked_beef":5}},"DataVersion":3465}