{"stats":{"minecraft:custom":{"minecraft:jump":47,"minecraft:time_since_rest":5540,"minecraft:damage_taken":330,"minecraft:leave_game":3,"minecraft:play_time":11783,"minecraft:crouch_one_cm":6,"minecraft:time_since_death":5510,"minecraft:sprint_one_cm":7533,"minecraft:walk_one_cm":11068,"minecraft:deaths":2,"minecraft:total_world_time":11783,"minecraft:sneak_time":15,"minecraft:fall_one_cm":1761,"minecraft:fly_one_cm":4669},"minecraft:mined":{"minecraft:sweet_berry_bush":15,"minecraft:grass_block":1,"minecraft:spruce_log":8},"minecraft:picked_up":{"minecraft:spruce_log":8,"minecraft:sweet_berries":34,"minecraft:dirt":1},"minecraft:used":{"minecraft:dirt":1,"minecraft:spruce_log":3}},"DataVersion":3465}