{"stats":{"minecraft:custom":{"minecraft:time_since_rest":22397,"minecraft:crouch_one_cm":6,"minecraft:play_time":57029,"minecraft:sprint_one_cm":31067,"minecraft:damage_taken":555,"minecraft:walk_one_cm":47074,"minecraft:deaths":5,"minecraft:sneak_time":15,"minecraft:mob_kills":1,"minecraft:jump":340,"minecraft:damage_dealt":99,"minecraft:leave_game":12,"minecraft:time_since_death":22281,"minecraft:walk_on_water_one_cm":238,"minecraft:total_world_time":57029,"minecraft:fall_one_cm":3284,"minecraft:fly_one_cm":116725},"minecraft:killed_by":{"man:managgresive":1},"minecraft:mined":{"minecraft:grass_block":1,"minecraft:sweet_berry_bush":15,"minecraft:spruce_log":8},"minecraft:used":{"minecraft:netherite_sword":2,"man:ritualblockoff":1,"minecraft:dirt":1,"man:cassetteplayer":1,"man:manfromthefog_spawn_egg":3,"minecraft:flint_and_steel":1,"minecraft:spruce_log":3,"minecraft:obsidian":16},"minecraft:killed":{"man:manfromthefog":1},"minecraft:picked_up":{"man:cassette_1safetyinstructions":1,"minecraft:flint_and_steel":1,"minecraft:rotten_flesh":2,"minecraft:sweet_berries":34,"minecraft:diamond":1,"minecraft:spruce_log":8,"minecraft:gunpowder":2,"minecraft:black_wool":1,"minecraft:mutton":2,"minecraft:obsidian":64,"minecraft:dirt":1}},"DataVersion":3465}