{"stats":{"minecraft:killed_by":{"minecraft:iron_golem":1},"minecraft:killed":{"minecraft:spider":1,"minecraft:iron_golem":1,"minecraft:sheep":5,"minecraft:zombie":4,"minecraft:cow":4},"minecraft:dropped":{"minecraft:golden_boots":1,"minecraft:golden_helmet":1,"minecraft:golden_chestplate":1,"minecraft:leather_leggings":2,"minecraft:stone_pickaxe":1},"minecraft:custom":{"minecraft:interact_with_furnace":9,"minecraft:mob_kills":15,"minecraft:interact_with_crafting_table":8,"minecraft:leave_game":2,"minecraft:time_since_death":9150,"minecraft:sleep_in_bed":2,"minecraft:time_since_rest":7456,"minecraft:sprint_one_cm":135602,"minecraft:damage_taken":859,"minecraft:walk_one_cm":123185,"minecraft:drop":6,"minecraft:damage_dealt":3028,"minecraft:swim_one_cm":918,"minecraft:fly_one_cm":169181,"minecraft:open_chest":22,"minecraft:crouch_one_cm":5762,"minecraft:play_time":48472,"minecraft:deaths":1,"minecraft:sneak_time":4501,"minecraft:walk_under_water_one_cm":347,"minecraft:jump":961,"minecraft:walk_on_water_one_cm":1158,"minecraft:total_world_time":48472,"minecraft:fall_one_cm":22396},"minecraft:picked_up":{"minecraft:crafting_table":6,"minecraft:leather_leggings":2,"minecraft:leather":5,"minecraft:potato":1,"minecraft:brewing_stand":1,"minecraft:golden_boots":1,"minecraft:dirt":23,"minecraft:string":1,"minecraft:wheat_seeds":2,"minecraft:stone_pickaxe":1,"minecraft:beef":8,"minecraft:iron_ingot":5,"minecraft:poppy":1,"minecraft:furnace":2,"minecraft:golden_helmet":1,"minecraft:stick":2,"minecraft:torch":22,"minecraft:spruce_log":7,"minecraft:golden_chestplate":1,"minecraft:rotten_flesh":4,"minecraft:hay_block":49,"minecraft:bread":3,"minecraft:oak_sapling":1,"minecraft:mutton":11,"minecraft:coal":112,"minecraft:white_wool":5,"minecraft:cobblestone":104},"minecraft:mined":{"minecraft:glass_pane":9,"minecraft:brewing_stand":1,"minecraft:crafting_table":6,"minecraft:torch":5,"minecraft:grass_block":4,"minecraft:tall_grass":2,"minecraft:cobblestone":14,"minecraft:spruce_leaves":11,"minecraft:wall_torch":13,"minecraft:hay_block":49,"minecraft:furnace":2,"minecraft:spruce_log":7,"minecraft:grass":8,"minecraft:coal_ore":58,"minecraft:dirt":19,"minecraft:stone":92,"minecraft:oak_leaves":6},"minecraft:broken":{"minecraft:wooden_pickaxe":1},"minecraft:crafted":{"minecraft:stone_shovel":1,"minecraft:crafting_table":1,"minecraft:spruce_planks":28,"minecraft:wooden_pickaxe":1,"minecraft:furnace":1,"minecraft:stone_axe":1,"minecraft:cooked_mutton":8,"minecraft:air":0,"minecraft:stick":12,"minecraft:iron_ingot":1,"minecraft:stone_pickaxe":1,"minecraft:stone_sword":1,"minecraft:gold_ingot":1,"minecraft:white_bed":1,"minecraft:torch":12,"minecraft:stone_hoe":1},"minecraft:used":{"minecraft:golden_boots":1,"minecraft:cooked_mutton":4,"minecraft:leather_leggings":1,"minecraft:stone_sword":76,"minecraft:stone_shovel":7,"minecraft:stone_pickaxe":112,"minecraft:wooden_pickaxe":59,"minecraft:stone_hoe":53,"minecraft:torch":20,"minecraft:dirt":6,"minecraft:crafting_table":6,"minecraft:bread":9,"minecraft:golden_helmet":1,"minecraft:stone_axe":5,"minecraft:cobblestone":29,"minecraft:furnace":2}},"DataVersion":3465}