{"stats":{"minecraft:killed_by":{"minecraft:skeleton":1,"minecraft:phantom":1},"minecraft:killed":{"minecraft:witch":1,"minecraft:spider":2,"minecraft:phantom":3,"minecraft:horse":5,"minecraft:skeleton":5,"minecraft:zombie_villager":1,"minecraft:iron_golem":3,"minecraft:sheep":13,"minecraft:zombie":12},"minecraft:dropped":{"minecraft:iron_ingot":1,"minecraft:bread":3,"minecraft:wheat_seeds":2,"minecraft:glass_bottle":2,"minecraft:crafting_table":1,"minecraft:cobblestone":33,"minecraft:leather_helmet":1,"minecraft:stick":4,"minecraft:dark_oak_log":10,"minecraft:mutton":3,"minecraft:green_carpet":1,"minecraft:wooden_sword":1,"minecraft:phantom_membrane":1,"minecraft:sand":128,"minecraft:string":6,"minecraft:pink_petals":52,"minecraft:tripwire_hook":3,"minecraft:bone":2,"minecraft:furnace":1,"minecraft:cobbled_deepslate":7,"minecraft:cherry_sapling":3,"minecraft:rotten_flesh":8,"minecraft:flint_and_steel":1,"minecraft:filled_map":3,"minecraft:leather_chestplate":1,"minecraft:gunpowder":4,"minecraft:spider_eye":1,"minecraft:sandstone":117,"minecraft:arrow":1,"minecraft:magma_block":1},"minecraft:picked_up":{"minecraft:crafting_table":11,"minecraft:gold_block":1,"minecraft:string":6,"minecraft:red_bed":2,"minecraft:cartography_table":1,"minecraft:cobbled_deepslate":18,"minecraft:andesite_stairs":1,"minecraft:poppy":1,"minecraft:lectern":1,"minecraft:sugar_cane":4,"minecraft:phantom_membrane":1,"minecraft:furnace":9,"minecraft:raw_iron":30,"minecraft:stick":10,"minecraft:sandstone":201,"minecraft:torch":4,"minecraft:cherry_log":19,"minecraft:arrow":2,"minecraft:rotten_flesh":8,"minecraft:mutton":25,"minecraft:white_wool":13,"minecraft:cobblestone":74,"minecraft:enchanting_table":1,"minecraft:pink_petals":55,"minecraft:magma_block":1,"minecraft:cooked_beef":1,"minecraft:black_bed":1,"minecraft:leather":6,"minecraft:potato":77,"minecraft:filled_map":1,"minecraft:flint":1,"minecraft:gunpowder":6,"minecraft:gray_concrete":1,"minecraft:lantern":1,"minecraft:bone":6,"minecraft:wheat_seeds":2,"minecraft:iron_ingot":10,"minecraft:grindstone":1,"minecraft:glass_bottle":1,"minecraft:book":37,"minecraft:sweet_berries":4,"minecraft:gravel":6,"minecraft:sand":138,"minecraft:spruce_sapling":7,"minecraft:soul_torch":2,"minecraft:spruce_log":6,"minecraft:green_carpet":1,"minecraft:dark_oak_log":5,"minecraft:spider_eye":1,"minecraft:diamond":5,"minecraft:cherry_sapling":6,"minecraft:coal":160},"minecraft:custom":{"minecraft:interact_with_smithing_table":1,"minecraft:mob_kills":47,"minecraft:interact_with_anvil":1,"minecraft:interact_with_crafting_table":13,"minecraft:leave_game":1,"minecraft:time_since_death":32577,"minecraft:climb_one_cm":683,"minecraft:sprint_one_cm":394018,"minecraft:walk_one_cm":208293,"minecraft:damage_blocked_by_shield":1935,"minecraft:drop":54,"minecraft:play_noteblock":2,"minecraft:talked_to_villager":3,"minecraft:play_time":137245,"minecraft:deaths":2,"minecraft:sneak_time":12069,"minecraft:walk_under_water_one_cm":43900,"minecraft:jump":3914,"minecraft:walk_on_water_one_cm":51272,"minecraft:total_world_time":137245,"minecraft:interact_with_furnace":69,"minecraft:tune_noteblock":3,"minecraft:sleep_in_bed":2,"minecraft:time_since_rest":32602,"minecraft:damage_taken":3077,"minecraft:damage_dealt":10961,"minecraft:swim_one_cm":179501,"minecraft:fly_one_cm":664025,"minecraft:open_chest":29,"minecraft:crouch_one_cm":36200,"minecraft:fall_one_cm":86556},"minecraft:mined":{"minecraft:deepslate_diamond_ore":5,"minecraft:andesite_stairs":1,"minecraft:cherry_log":19,"minecraft:chiseled_bookshelf":2,"minecraft:spruce_leaves":13,"minecraft:cartography_table":1,"minecraft:sandstone":212,"minecraft:large_fern":2,"minecraft:magma_block":1,"minecraft:furnace":8,"minecraft:iron_ore":30,"minecraft:cobbled_deepslate":7,"minecraft:fire":8,"minecraft:gold_block":1,"minecraft:enchanting_table":1,"minecraft:bookshelf":12,"minecraft:stone":38,"minecraft:gray_concrete":1,"minecraft:red_bed":2,"minecraft:blackstone":1,"minecraft:soul_torch":2,"minecraft:crafting_table":9,"minecraft:torch":2,"minecraft:lectern":1,"minecraft:cobblestone":1,"minecraft:sugar_cane":2,"minecraft:grindstone":1,"minecraft:wall_torch":1,"minecraft:pink_petals":24,"minecraft:spruce_log":6,"minecraft:grass":7,"minecraft:coal_ore":56,"minecraft:cherry_leaves":1,"minecraft:gravel":7,"minecraft:sand":119,"minecraft:deepslate":8,"minecraft:fern":1},"minecraft:broken":{"minecraft:wooden_shovel":1,"minecraft:wooden_sword":1,"minecraft:iron_pickaxe":1},"minecraft:crafted":{"minecraft:wooden_sword":2,"minecraft:cooked_mutton":15,"minecraft:iron_axe":1,"minecraft:dark_oak_planks":4,"minecraft:wooden_shovel":1,"minecraft:crafting_table":1,"minecraft:spruce_planks":24,"minecraft:baked_potato":20,"minecraft:iron_helmet":1,"minecraft:iron_sword":1,"minecraft:bucket":1,"minecraft:air":0,"minecraft:shield":1,"minecraft:stick":12,"minecraft:iron_ingot":20,"minecraft:iron_pickaxe":1,"minecraft:iron_leggings":1,"minecraft:gold_ingot":9,"minecraft:torch":8},"minecraft:used":{"minecraft:spruce_planks":5,"minecraft:shield":34,"minecraft:iron_sword":134,"minecraft:wooden_shovel":59,"minecraft:torch":5,"minecraft:mutton":7,"minecraft:carrot":8,"minecraft:milk_bucket":3,"minecraft:lava_bucket":1,"minecraft:lantern":1,"minecraft:iron_axe":22,"minecraft:sweet_berries":21,"minecraft:furnace":7,"minecraft:cooked_beef":1,"minecraft:potato":48,"minecraft:cooked_mutton":15,"minecraft:water_bucket":48,"minecraft:baked_potato":14,"minecraft:sandstone":84,"minecraft:sand":10,"minecraft:crafting_table":9,"minecraft:red_bed":2,"minecraft:gray_concrete":1,"minecraft:black_bed":1,"minecraft:book":1,"minecraft:apple":1,"minecraft:bread":14,"minecraft:iron_pickaxe":379,"minecraft:pink_petals":3,"minecraft:wooden_sword":90,"minecraft:potion":1,"minecraft:andesite_stairs":1,"minecraft:bucket":50}},"DataVersion":3465}